Id;Label;Cat
Committee1;Committee1;Institution
Committee2;Committee2;Institution
Committee3;Committee3;Institution
Committee4;Committee4;Institution
Committee5;Committee5;Institution
Committee6;Committee6;Institution
Committee7;Committee7;Institution
Committee8;Committee8;Institution
Committee9;Committee9;Institution
Committee10;Committee10;Institution
name1;name1;Member
name2;name2;Member
name3;name3;Member
name4;name4;Member
name5;name5;Member
name6;name6;Member
name7;name7;Member
name8;name8;Member
name9;name9;Member
name10;name10;Member
name11;name11;Member
name12;name12;Member
name13;name13;Member
name14;name14;Member
name15;name15;Member
name16;name16;Member
name17;name17;Member
name18;name18;Member
name19;name19;Member
name20;name20;Member
name21;name21;Member
name22;name22;Member
name23;name23;Member
name24;name24;Member
name25;name25;Member
name26;name26;Member
name27;name27;Member
name28;name28;Member
name29;name29;Member
name30;name30;Member
name31;name31;Member
name32;name32;Member
name33;name33;Member
name34;name34;Member
name35;name35;Member
name36;name36;Member
name37;name37;Member
name38;name38;Member
name39;name39;Member
name40;name40;Member
name41;name41;Member
name42;name42;Member
name43;name43;Member
name44;name44;Member
name45;name45;Member
name46;name46;Member
name47;name47;Member
name48;name48;Member
name49;name49;Member
name50;name50;Member
name51;name51;Member
name52;name52;Member
name53;name53;Member
name54;name54;Member
name55;name55;Member
name56;name56;Member
name57;name57;Member
name58;name58;Member
name59;name59;Member
name60;name60;Member
name61;name61;Member
name62;name62;Member
name63;name63;Member
name64;name64;Member
name65;name65;Member
name66;name66;Member
name67;name67;Member
name68;name68;Member
name69;name69;Member
name70;name70;Member
name71;name71;Member
name72;name72;Member
name73;name73;Member
name74;name74;Member
name75;name75;Member
name76;name76;Member
name77;name77;Member
name78;name78;Member
name79;name79;Member
name80;name80;Member
name81;name81;Member
name82;name82;Member
name83;name83;Member
name84;name84;Member
name85;name85;Member
name86;name86;Member
name87;name87;Member
name88;name88;Member
name89;name89;Member
name90;name90;Member
name91;name91;Member
name92;name92;Member
name93;name93;Member
name94;name94;Member
name95;name95;Member
name96;name96;Member
name97;name97;Member
name98;name98;Member
name99;name99;Member
name100;name100;Member